"","PC1","PC2","cluster","label"
"cell_1",0.0332734638132363,-0.00441501829802183,"Cluster_1","Tumor"
"cell_2",0.0333708781145334,-0.00109820547467905,"Cluster_1","Tumor"
"cell_3",0.0333708781145332,-0.00109820547467933,"Cluster_1","Tumor"
"cell_4",0.0327014463749749,0.00451614568319308,"Cluster_1","Tumor"
"cell_5",0.0333708781145332,-0.0010982054746802,"Cluster_1","Tumor"
"cell_6",0.0333518699832976,0.000385882630613676,"Cluster_1","Tumor"
"cell_7",0.0333862281941912,-0.00359233744592086,"Cluster_1","Tumor"
"cell_8",0.0336124476268555,-0.00222469716006221,"Cluster_1","Tumor"
"cell_9",0.0333708781145332,-0.0010982054746797,"Cluster_1","Tumor"
"cell_10",0.0332280085325774,-0.00485073485848618,"Cluster_1","Tumor"
"cell_11",0.0325442954557847,0.00567492857218456,"Cluster_1","Tumor"
"cell_12",0.0340343831427825,-0.00422513117613689,"Cluster_1","Tumor"
"cell_13",0.0340343831427825,-0.00422513117613667,"Cluster_1","Tumor"
"cell_14",0.0316881485724428,0.0106054255844515,"Cluster_1","Tumor"
"cell_15",0.0325821881868648,0.00208076248932551,"Cluster_1","Tumor"
"cell_16",0.034516706004332,-0.00614175543926941,"Cluster_1","Tumor"
"cell_17",0.0333708781145332,-0.00109820547467969,"Cluster_1","Tumor"
"cell_18",0.0340343831427825,-0.00422513117613667,"Cluster_1","Tumor"
"cell_19",0.0336132526185116,-0.00149317069566582,"Cluster_1","Tumor"
"cell_20",0.0335070802006674,-0.00113404765798997,"Cluster_1","Tumor"
"cell_21",0.0337597068280708,-0.00269262161687401,"Cluster_1","Tumor"
"cell_22",0.0338931734068795,-0.00314650754442816,"Cluster_1","Tumor"
"cell_23",0.0333708781145332,-0.00109820547467969,"Cluster_1","Tumor"
"cell_24",0.032249796908853,0.00598485838462389,"Cluster_1","Tumor"
"cell_25",0.0330246760454176,0.0011740045406377,"Cluster_1","Tumor"
"cell_26",0.0334621230799926,-0.00194898713194872,"Cluster_1","Tumor"
"cell_27",0.0397870769224521,-0.0152761378233644,"Cluster_1","Tumor"
"cell_28",0.0333708781145332,-0.00109820547467969,"Cluster_1","Tumor"
"cell_29",0.0333708781145332,-0.00109820547467969,"Cluster_1","Tumor"
"cell_30",0.0330221715701888,-0.000275703601238899,"Cluster_1","Tumor"
"cell_31",0.0337597068280708,-0.002692621616874,"Cluster_1","Tumor"
"cell_32",0.0340343831427825,-0.00422513117613667,"Cluster_1","Tumor"
"cell_33",0.0333708781145329,-0.00109820547467939,"Cluster_1","Tumor"
"cell_34",0.0333708781145329,-0.00109820547467939,"Cluster_1","Tumor"
"cell_35",0.0314389074729516,0.0190623063202488,"Cluster_1","Tumor"
"cell_36",0.0333708781145329,-0.00109820547467939,"Cluster_1","Tumor"
"cell_37",0.033178109789815,-0.000474748893871561,"Cluster_1","Tumor"
"cell_38",0.0317415082578482,0.00490701967301905,"Cluster_1","Tumor"
"cell_39",0.0333708781145329,-0.00109820547467939,"Cluster_1","Tumor"
"cell_40",0.0333708781145329,-0.00109820547467939,"Cluster_1","Tumor"
"cell_41",0.0317163091769844,0.0082881630879745,"Cluster_1","Tumor"
"cell_42",0.0333708781145329,-0.00109820547467939,"Cluster_1","Tumor"
"cell_43",0.0341658045269885,-0.00560804675931936,"Cluster_1","Tumor"
"cell_44",0.03252394340896,0.00415190879009422,"Cluster_1","Tumor"
"cell_45",0.0333708781145329,-0.00109820547467939,"Cluster_1","Tumor"
"cell_46",0.0330006236597144,0.00115935988628828,"Cluster_1","Tumor"
"cell_47",0.0325304498521798,0.0134148784069499,"Cluster_1","Tumor"
"cell_48",0.0348739238042721,-0.0071197374898769,"Cluster_1","Tumor"
"cell_49",0.0344633776012478,-0.00562498097728099,"Cluster_1","Tumor"
"cell_50",0.0340343831427829,-0.00422513117613704,"Cluster_1","Tumor"
"cell_51",0.0330037001269452,0.00406615102526079,"Cluster_1","Tumor"
"cell_52",0.0327404620742522,-0.00123630612905415,"Cluster_1","Tumor"
"cell_53",0.0339280492964395,-0.00172852613766106,"Cluster_1","Tumor"
"cell_54",0.0330712822290519,-0.00162424139164688,"Cluster_1","Tumor"
"cell_55",0.0333708781145329,-0.00109820547467939,"Cluster_1","Tumor"
"cell_56",0.0322488697029813,0.00451314299165046,"Cluster_1","Tumor"
"cell_57",0.0335849452873088,-0.00114650191971809,"Cluster_1","Tumor"
"cell_58",0.0332345861208029,-0.000589526130817249,"Cluster_1","Tumor"
"cell_59",0.0337259424658232,-0.00681120979638152,"Cluster_1","Tumor"
"cell_60",0.0330146476808441,0.00486071464068574,"Cluster_1","Tumor"
"cell_61",0.0333708781145329,-0.00109820547467939,"Cluster_1","Tumor"
"cell_62",0.0333708781145329,-0.00109820547467939,"Cluster_1","Tumor"
"cell_63",0.0339514450142525,-0.0038342654634544,"Cluster_1","Tumor"
"cell_64",0.0331061970695711,-0.00044129930140966,"Cluster_1","Tumor"
"cell_65",0.0319979602293555,0.00848352449517134,"Cluster_1","Tumor"
"cell_66",0.0332346537340614,0.00103369266734631,"Cluster_1","Tumor"
"cell_67",0.0333708781145329,-0.00109820547467939,"Cluster_1","Tumor"
"cell_68",0.0336612947673371,-0.00232202395455976,"Cluster_1","Tumor"
"cell_69",0.032696423947251,0.00177812146819859,"Cluster_1","Tumor"
"cell_70",0.0340343831427829,-0.00422513117613704,"Cluster_1","Tumor"
"cell_71",0.033264578158135,0.000703802222104026,"Cluster_1","Tumor"
"cell_72",0.0332591536485281,-0.000857364634315837,"Cluster_1","Tumor"
"cell_73",0.0334513001465413,0.00618378217490416,"Cluster_1","Tumor"
"cell_74",0.0328685835580688,0.00175222903856164,"Cluster_1","Tumor"
"cell_75",0.0326083028095315,-0.00418688092888789,"Cluster_1","Tumor"
"cell_76",0.0314452512559153,0.0062455697052773,"Cluster_1","Tumor"
"cell_77",0.0333708781145329,-0.00109820547467939,"Cluster_1","Tumor"
"cell_78",0.0336204184921678,-0.00281506468637232,"Cluster_1","Tumor"
"cell_79",0.0331146092434039,-0.0115551781850401,"Cluster_1","Tumor"
"cell_80",0.0337134049710774,-0.00258387315719175,"Cluster_1","Tumor"
"cell_81",0.0335547512243252,-0.00251436652585045,"Cluster_1","Tumor"
"cell_82",0.030315505746208,-0.0188618725532496,"Cluster_1","Tumor"
"cell_83",0.0333708781145329,-0.00109820547467939,"Cluster_1","Tumor"
"cell_84",0.0338880400454936,-0.00360308509167908,"Cluster_1","Tumor"
"cell_85",0.033182184726954,-8.15190608903588e-06,"Cluster_1","Tumor"
"cell_86",0.0333708781145329,-0.00109820547467939,"Cluster_1","Tumor"
"cell_87",0.0279444020605327,0.0186415757275112,"Cluster_1","Tumor"
"cell_88",0.0333708781145329,-0.00109820547467939,"Cluster_1","Tumor"
"cell_89",0.032979921451497,0.000121441175284043,"Cluster_1","Tumor"
"cell_90",0.0334761132898876,0.00363718694887876,"Cluster_1","Tumor"
"cell_91",0.0333708781145329,-0.00109820547467939,"Cluster_1","Tumor"
"cell_92",0.0330793357217935,0.00354109861920971,"Cluster_1","Tumor"
"cell_93",0.0333386877188587,-0.00214196216091502,"Cluster_1","Tumor"
"cell_94",0.0325552445948173,0.005925527330764,"Cluster_1","Tumor"
"cell_95",0.0325832009326371,0.00571241328856567,"Cluster_1","Tumor"
"cell_96",0.0325346095053983,0.00469293901409165,"Cluster_1","Tumor"
"cell_97",0.0336377387444978,-0.00217852250646429,"Cluster_1","Tumor"
"cell_98",0.032790148477706,0.00149835542871576,"Cluster_1","Tumor"
"cell_99",0.0319921238719306,0.00886725662251439,"Cluster_1","Tumor"
"cell_100",0.0330233840592967,0.00316864924470045,"Cluster_1","Tumor"
"cell_101",0.03228136196014,0.00440129290407202,"Cluster_1","Normal"
"cell_102",0.0333708781145329,-0.00109820547467939,"Cluster_1","Normal"
"cell_103",0.0333708781145329,-0.00109820547467939,"Cluster_1","Normal"
"cell_104",0.0328565431335537,0.000841382451384599,"Cluster_1","Normal"
"cell_105",0.0333708781145329,-0.00109820547467939,"Cluster_1","Normal"
"cell_106",0.0333708781145329,-0.00109820547467939,"Cluster_1","Normal"
"cell_107",0.030678338978186,0.0133691378765082,"Cluster_1","Normal"
"cell_108",0.0334073004141543,0.0374919376915454,"Cluster_1","Normal"
"cell_109",0.0330494200465777,0.000377082142817418,"Cluster_1","Normal"
"cell_110",0.0327177726931695,3.01359175010619e-05,"Cluster_1","Normal"
"cell_111",0.0327036844481018,0.0022589927428541,"Cluster_1","Normal"
"cell_112",0.0331111662953207,-0.00102654778338942,"Cluster_1","Normal"
"cell_113",0.0330304502110411,-0.00200413455070403,"Cluster_1","Normal"
"cell_114",0.0333708781145329,-0.00109820547467939,"Cluster_1","Normal"
"cell_115",0.0326855634981368,0.00471701928545699,"Cluster_1","Normal"
"cell_116",0.0340141570651317,-0.00411308352390116,"Cluster_1","Normal"
"cell_117",0.0333708781145329,-0.00109820547467939,"Cluster_1","Normal"
"cell_118",0.0333708781145329,-0.00109820547467939,"Cluster_1","Normal"
"cell_119",0.0323661697667911,-0.00181182649647335,"Cluster_1","Normal"
"cell_120",0.0329587840187628,0.00395539536056203,"Cluster_1","Normal"
"cell_121",0.0327662275346136,0.00284120306624158,"Cluster_1","Normal"
"cell_122",0.0335345938888021,-0.00175414441321421,"Cluster_1","Normal"
"cell_123",0.0340343831427829,-0.00422513117613704,"Cluster_1","Normal"
"cell_124",0.0341219977310167,-0.00454563407754459,"Cluster_1","Normal"
"cell_125",0.0333708781145329,-0.00109820547467939,"Cluster_1","Normal"
"cell_126",0.0333708781145329,-0.00109820547467939,"Cluster_1","Normal"
"cell_127",0.0333708781145329,-0.00109820547467939,"Cluster_1","Normal"
"cell_128",0.0333708781145329,-0.00109820547467939,"Cluster_1","Normal"
"cell_129",0.0333708781145329,-0.00109820547467939,"Cluster_1","Normal"
"cell_130",0.032310739007724,0.00711182786464028,"Cluster_1","Normal"
"cell_131",0.0327506451178655,-0.000255165991016676,"Cluster_1","Normal"
"cell_132",0.0327630606909007,0.00195544024300638,"Cluster_1","Normal"
"cell_133",0.0333708781145329,-0.00109820547467939,"Cluster_1","Normal"
"cell_134",0.03268619747703,0.0110104853802571,"Cluster_1","Normal"
"cell_135",0.0333708781145329,-0.00109820547467939,"Cluster_1","Normal"
"cell_136",0.0310893181678451,0.0146093263137836,"Cluster_1","Normal"
"cell_137",0.0331782872415931,-0.000469146898006234,"Cluster_1","Normal"
"cell_138",0.0333708781145329,-0.00109820547467939,"Cluster_1","Normal"
"cell_139",0.0337597068280714,-0.00269262161687401,"Cluster_1","Normal"
"cell_140",0.0331637355233815,0.0217484203863425,"Cluster_1","Normal"
"cell_141",0.032844531359216,0.00203856992472784,"Cluster_1","Normal"
"cell_142",0.0332640188030945,-0.0010673942418213,"Cluster_1","Normal"
"cell_143",0.032542205400028,-0.00157950710875644,"Cluster_1","Normal"
"cell_144",0.0333708781145329,-0.00109820547467939,"Cluster_1","Normal"
"cell_145",0.0335667238912959,-0.0020734908037125,"Cluster_1","Normal"
"cell_146",0.0333708781145329,-0.00109820547467939,"Cluster_1","Normal"
"cell_147",0.0333708781145329,-0.00109820547467939,"Cluster_1","Normal"
"cell_148",0.0325887493455127,-0.00449002575350581,"Cluster_1","Normal"
"cell_149",0.0331341244610844,0.000501795730105884,"Cluster_1","Normal"
"cell_150",0.0331180119575134,0.0182141041034642,"Cluster_1","Normal"
"cell_151",0.0331253359232478,-0.000292232247838486,"Cluster_1","Normal"
"cell_152",0.0333708781145329,-0.00109820547467939,"Cluster_1","Normal"
"cell_153",0.0333708781145329,-0.00109820547467939,"Cluster_1","Normal"
"cell_154",0.0335680101908399,-0.00317257884945303,"Cluster_1","Normal"
"cell_155",0.0346763547202291,-0.00749982039624825,"Cluster_1","Normal"
"cell_156",0.0309150524159683,0.00433186298835632,"Cluster_1","Normal"
"cell_157",0.033381319831041,-0.0011268137692656,"Cluster_1","Normal"
"cell_158",0.0328643000812078,0.000793971812275134,"Cluster_1","Normal"
"cell_159",0.0337597068280714,-0.00269262161687401,"Cluster_1","Normal"
"cell_160",0.0330013684118441,-0.000379506605639953,"Cluster_1","Normal"
"cell_161",0.0338017967882073,-0.000555648033802244,"Cluster_1","Normal"
"cell_162",0.0309428715159686,0.0211627840257008,"Cluster_1","Normal"
"cell_163",0.0340343831427829,-0.00422513117613704,"Cluster_1","Normal"
"cell_164",0.0340343831427829,-0.00422513117613704,"Cluster_1","Normal"
"cell_165",0.0340343831427829,-0.00422513117613704,"Cluster_1","Normal"
"cell_166",0.0333127596512913,0.00142868399292843,"Cluster_1","Normal"
"cell_167",0.0334812312866909,-0.00152923848912693,"Cluster_1","Normal"
"cell_168",0.0328685835580688,0.00175222903856163,"Cluster_1","Normal"
"cell_169",0.0333708781145329,-0.00109820547467939,"Cluster_1","Normal"
"cell_170",0.032542205400028,-0.00157950710875644,"Cluster_1","Normal"
"cell_171",0.0340343831427829,-0.00422513117613704,"Cluster_1","Normal"
"cell_172",0.0334251404639231,-0.0015770561413721,"Cluster_1","Normal"
"cell_173",0.0333708781145329,-0.00109820547467939,"Cluster_1","Normal"
"cell_174",0.0333708781145329,-0.00109820547467939,"Cluster_1","Normal"
"cell_175",0.0320529500383521,0.00877596184400553,"Cluster_1","Normal"
"cell_176",0.0327910524991931,0.00221406487022022,"Cluster_1","Normal"
"cell_177",0.033521221095124,-0.00263707566812615,"Cluster_1","Normal"
"cell_178",0.0333708781145329,-0.00109820547467939,"Cluster_1","Normal"
"cell_179",0.0326290270312291,0.00510950856270285,"Cluster_1","Normal"
"cell_180",0.0323195220017235,0.00146626193765288,"Cluster_1","Normal"
"cell_181",0.0333708781145329,-0.00109820547467939,"Cluster_1","Normal"
"cell_182",0.0330021678039099,0.000658435182963074,"Cluster_1","Normal"
"cell_183",0.0321711430947326,0.00347810209210686,"Cluster_1","Normal"
"cell_184",0.0316123150584951,0.0212612039160525,"Cluster_1","Normal"
"cell_185",0.0339514450142525,-0.0038342654634544,"Cluster_1","Normal"
"cell_186",0.0333708781145329,-0.00109820547467939,"Cluster_1","Normal"
"cell_187",0.0334365888066343,-0.00178966326627063,"Cluster_1","Normal"
"cell_188",0.0332856184736823,-0.000377227156317379,"Cluster_1","Normal"
"cell_189",0.0335539524626238,-0.00242762966083059,"Cluster_1","Normal"
"cell_190",0.0333708781145329,-0.00109820547467939,"Cluster_1","Normal"
"cell_191",0.0327660068596015,0.00712003965886856,"Cluster_1","Normal"
"cell_192",0.0333304691632771,-0.000876649143253781,"Cluster_1","Normal"
"cell_193",0.0332571437689109,0.00254070975963018,"Cluster_1","Normal"
"cell_194",0.0340343831427829,-0.00422513117613704,"Cluster_1","Normal"
"cell_195",0.0336671351123952,-0.00332426482049105,"Cluster_1","Normal"
"cell_196",0.0331034282226702,0.00196311687506398,"Cluster_1","Normal"
"cell_197",0.0302644930066113,0.0389343887741279,"Cluster_1","Normal"
"cell_198",0.0333406179126132,-0.00104898400348164,"Cluster_1","Normal"
"cell_199",0.032926396130718,0.000630704820360095,"Cluster_1","Normal"
"cell_200",0.0333337507697998,-0.000811820162664504,"Cluster_1","Normal"
"cell_201",0.0318838050719882,0.0144906031329275,"Cluster_1","Normal"
"cell_202",0.0333708781145329,-0.00109820547467939,"Cluster_1","Normal"
"cell_203",0.0333708781145329,-0.00109820547467939,"Cluster_1","Normal"
"cell_204",0.0333708781145329,-0.00109820547467939,"Cluster_1","Normal"
"cell_205",0.0333708781145329,-0.00109820547467939,"Cluster_1","Normal"
"cell_206",0.0332364094526377,-0.00135619809271325,"Cluster_1","Normal"
"cell_207",0.0324663031077315,-0.0120738898201117,"Cluster_1","Normal"
"cell_208",0.0336433411433909,-0.00199914205241356,"Cluster_1","Normal"
"cell_209",0.0340343831427829,-0.00422513117613704,"Cluster_1","Normal"
"cell_210",0.0323402753459574,0.00221973909854092,"Cluster_1","Normal"
"cell_211",0.0321633447098733,0.00326205532658601,"Cluster_1","Normal"
"cell_212",0.0334837340264795,-0.00176052566833414,"Cluster_1","Normal"
"cell_213",0.0317836603064356,-0.00762701606881495,"Cluster_1","Normal"
"cell_214",0.0333708781145329,-0.00109820547467939,"Cluster_1","Normal"
"cell_215",0.0337409786853299,-0.00263863361089411,"Cluster_1","Normal"
"cell_216",0.0320529500383521,0.00877596184400553,"Cluster_1","Normal"
"cell_217",0.0333708781145329,-0.00109820547467939,"Cluster_1","Normal"
"cell_218",0.0339939464401672,-0.00416177405556136,"Cluster_1","Normal"
"cell_219",0.0337626017195059,-0.00469867664303593,"Cluster_1","Normal"
"cell_220",0.0327585525487961,0.00119178599487867,"Cluster_1","Normal"
"cell_221",0.032542205400028,-0.00157950710875644,"Cluster_1","Normal"
"cell_222",0.0340343831427829,-0.00422513117613704,"Cluster_1","Normal"
"cell_223",0.0316637943830161,0.0100626455237496,"Cluster_1","Normal"
"cell_224",0.0330301941021438,0.000447300953978601,"Cluster_1","Normal"
"cell_225",0.0328226849820353,0.00454817157643361,"Cluster_1","Normal"
"cell_226",0.0324466760870253,0.00206269323465568,"Cluster_1","Normal"
"cell_227",0.0342380990193941,-0.00548779604437479,"Cluster_1","Normal"
"cell_228",0.0337046482694248,-0.00242902598889883,"Cluster_1","Normal"
"cell_229",0.0318363131051545,0.00811342289643506,"Cluster_1","Normal"
"cell_230",0.033539177758312,-0.00166414510504258,"Cluster_1","Normal"
"cell_231",0.0335349363984164,0.00207295626602528,"Cluster_1","Normal"
"cell_232",0.0340343831427829,-0.00422513117613704,"Cluster_1","Normal"
"cell_233",0.0333708781145329,-0.00109820547467939,"Cluster_1","Normal"
"cell_234",0.0330338616361635,-0.000645232791195612,"Cluster_1","Normal"
"cell_235",0.0327312729081612,0.00236589411380217,"Cluster_1","Normal"
"cell_236",0.0330555084051698,0.00433844605753257,"Cluster_1","Normal"
"cell_237",0.0333708781145329,-0.00109820547467939,"Cluster_1","Normal"
"cell_238",0.0333708781145329,-0.00109820547467939,"Cluster_1","Normal"
"cell_239",0.0336433478980436,0.00640411469668554,"Cluster_1","Normal"
"cell_240",0.0334604126567272,-0.00202139215848963,"Cluster_1","Normal"
"cell_241",0.0325145793786561,0.00469975107182392,"Cluster_1","Normal"
"cell_242",0.0330351549205764,0.000130462442145909,"Cluster_1","Normal"
"cell_243",0.0335786371894431,-0.000309724670991139,"Cluster_1","Normal"
"cell_244",0.033657586119929,0.00229373551080628,"Cluster_1","Normal"
"cell_245",0.0334316523966482,-0.00162084331000211,"Cluster_1","Normal"
"cell_246",0.0333708781145329,-0.00109820547467939,"Cluster_1","Normal"
"cell_247",0.0333708781145329,-0.00109820547467939,"Cluster_1","Normal"
"cell_248",0.0324936798286256,0.00202120936123712,"Cluster_1","Normal"
"cell_249",0.0327958086925697,0.00475310293272045,"Cluster_1","Normal"
"cell_250",0.033597981131768,-0.00403825771600539,"Cluster_1","Normal"
"cell_251",0.0324589330841595,-0.00541341924608355,"Cluster_1","Normal"
"cell_252",0.0336696765939657,-0.00210057538013292,"Cluster_1","Normal"
"cell_253",0.0333708781145329,-0.00109820547467939,"Cluster_1","Normal"
"cell_254",0.0337597068280714,-0.00269262161687401,"Cluster_1","Normal"
"cell_255",0.0320837366991127,0.00147139775938512,"Cluster_1","Normal"
"cell_256",0.0333708781145329,-0.00109820547467939,"Cluster_1","Normal"
"cell_257",0.0314188549245905,0.0419801281382919,"Cluster_1","Normal"
"cell_258",0.0327823121577307,0.00837401662552793,"Cluster_1","Normal"
"cell_259",0.0330168983619039,0.00108398331311932,"Cluster_1","Normal"
"cell_260",0.0333708781145329,-0.00109820547467939,"Cluster_1","Normal"
"cell_261",0.0320153438502087,0.00816475506021802,"Cluster_1","Normal"
"cell_262",0.0333708781145329,-0.00109820547467939,"Cluster_1","Normal"
"cell_263",0.0340343831427829,-0.00422513117613704,"Cluster_1","Normal"
"cell_264",0.0332562668276621,-0.000885906587509624,"Cluster_1","Normal"
"cell_265",0.0333708781145329,-0.00109820547467939,"Cluster_1","Normal"
"cell_266",0.0326301710815169,-0.00189399128789987,"Cluster_1","Normal"
"cell_267",0.0341573040732572,-0.00293747645500777,"Cluster_1","Normal"
"cell_268",0.0328685835580688,0.00175222903856163,"Cluster_1","Normal"
"cell_269",0.0333708781145329,-0.00109820547467939,"Cluster_1","Normal"
"cell_270",0.0333708781145329,-0.00109820547467939,"Cluster_1","Normal"
"cell_271",0.0327149285162035,0.0022550297848883,"Cluster_1","Normal"
"cell_272",0.0313477489756555,0.00426645317493311,"Cluster_1","Normal"
"cell_273",0.0330315191196812,0.00119157647822582,"Cluster_1","Normal"
"cell_274",0.0333708781145329,-0.00109820547467939,"Cluster_1","Normal"
"cell_275",0.0310712477219235,0.0229206338203171,"Cluster_1","Normal"
"cell_276",0.039885315343799,-0.0917424955846901,"Cluster_1","Normal"
"cell_277",0.0330570767985071,0.000892755125221291,"Cluster_1","Normal"
"cell_278",0.0325552445948173,0.005925527330764,"Cluster_1","Normal"
"cell_279",0.0333708781145329,-0.00109820547467939,"Cluster_1","Normal"
"cell_280",0.0333045991915228,-0.00682246077687429,"Cluster_1","Normal"
"cell_281",0.033613393988292,0.000391251234494739,"Cluster_1","Normal"
"cell_282",0.0340343831427829,-0.00422513117613704,"Cluster_1","Normal"
"cell_283",0.0333708781145329,-0.00109820547467939,"Cluster_1","Normal"
"cell_284",0.0321742015026966,0.0179671327524536,"Cluster_1","Normal"
"cell_285",0.0333708781145329,-0.00109820547467939,"Cluster_1","Normal"
"cell_286",0.032745445775456,0.0016616127764077,"Cluster_1","Normal"
"cell_287",0.0325552445948173,0.005925527330764,"Cluster_1","Normal"
"cell_288",0.0330644950442172,-0.000483296026192767,"Cluster_1","Normal"
"cell_289",0.0307090225604216,0.00322389414334272,"Cluster_1","Normal"
"cell_290",0.0336174957561519,-0.00250356157980372,"Cluster_1","Normal"
"cell_291",0.0328759755549208,-0.00291032762297619,"Cluster_1","Normal"
"cell_292",0.0317784004141855,0.0155922439887964,"Cluster_1","Normal"
"cell_293",0.0333708781145329,-0.00109820547467939,"Cluster_1","Normal"
"cell_294",0.0314195790297395,0.00823378657354784,"Cluster_1","Normal"
"cell_295",0.0317752614249648,0.00542471122454656,"Cluster_1","Normal"
"cell_296",0.0335022994987386,-0.00248112105786187,"Cluster_1","Normal"
"cell_297",0.0333708781145329,-0.00109820547467939,"Cluster_1","Normal"
"cell_298",0.0337057044159458,0.00524551413030784,"Cluster_1","Normal"
"cell_299",0.0336325004561294,-0.00299975581903459,"Cluster_1","Normal"
"cell_300",0.032869625365737,-0.00366186321182771,"Cluster_1","Normal"
"cell_301",0.0304567422023045,0.0150808329967602,"Cluster_1","Normal"
"cell_302",0.0308337137800648,0.0225234740356165,"Cluster_1","Normal"
"cell_303",0.0331590607168626,0.00208132722578269,"Cluster_1","Normal"
"cell_304",0.0335022994987386,-0.00248112105786187,"Cluster_1","Normal"
"cell_305",0.0331720443884846,-0.000635766620561198,"Cluster_1","Normal"
"cell_306",0.0334401304915006,-0.006450397288258,"Cluster_1","Normal"
"cell_307",0.0341531799017961,-0.00436093286559195,"Cluster_1","Normal"
"cell_308",0.0333708781145329,-0.00109820547467939,"Cluster_1","Normal"
"cell_309",0.0333708781145329,-0.00109820547467939,"Cluster_1","Normal"
"cell_310",0.0316740023511436,-0.0228162897431717,"Cluster_1","Normal"
"cell_311",0.0324757389538613,0.00567172722632749,"Cluster_1","Normal"
"cell_312",0.0333708781145329,-0.00109820547467939,"Cluster_1","Normal"
"cell_313",0.0332809851320066,-0.000918714463067039,"Cluster_1","Normal"
"cell_314",0.0330958119824982,0.000698269031917482,"Cluster_1","Normal"
"cell_315",0.0070890526165617,-0.00859497743667189,"Cluster_2","Normal"
"cell_316",0.0333708781145329,-0.00109820547467939,"Cluster_1","Normal"
"cell_317",0.0333708781145329,-0.00109820547467939,"Cluster_1","Normal"
"cell_318",0.0104597655404442,0.464322426525534,"Cluster_3","Normal"
"cell_319",0.0333708781145329,-0.00109820547467939,"Cluster_1","Normal"
"cell_320",0.0333708781145329,-0.00109820547467939,"Cluster_1","Normal"
"cell_321",0.0337046482694248,-0.00242902598889883,"Cluster_1","Normal"
"cell_322",0.0333708781145329,-0.00109820547467939,"Cluster_1","Normal"
"cell_323",0.0321561655540888,0.00643267633707493,"Cluster_1","Normal"
"cell_324",0.0330281865407175,9.8694161585473e-05,"Cluster_1","Normal"
"cell_325",0.0333708781145329,-0.00109820547467939,"Cluster_1","Normal"
"cell_326",0.0322205297382266,0.00839720851513185,"Cluster_1","Normal"
"cell_327",0.033309993660697,-0.000988987712245067,"Cluster_1","Normal"
"cell_328",0.0333708781145329,-0.00109820547467939,"Cluster_1","Normal"
"cell_329",0.0333708781145329,-0.00109820547467939,"Cluster_1","Normal"
"cell_330",0.0326268575372826,0.00549584165158142,"Cluster_1","Normal"
"cell_331",0.0333708781145329,-0.00109820547467939,"Cluster_1","Normal"
"cell_332",0.0341452070639705,-0.00464372597494848,"Cluster_1","Normal"
"cell_333",0.0333708781145329,-0.00109820547467939,"Cluster_1","Normal"
"cell_334",0.0333708781145329,-0.00109820547467939,"Cluster_1","Normal"
"cell_335",0.0335150129707184,-0.0122632866434943,"Cluster_1","Normal"
"cell_336",0.0295806573603057,0.000885149212664693,"Cluster_1","Normal"
"cell_337",0.0330854558659344,-0.000734035773716418,"Cluster_1","Normal"
"cell_338",0.0340136591234765,-0.00415309924306969,"Cluster_1","Normal"
"cell_339",0.0327259282968949,0.00115571070902592,"Cluster_1","Normal"
"cell_340",0.0334744252244219,-0.00143093610759942,"Cluster_1","Normal"
"cell_341",0.0333708781145329,-0.00109820547467939,"Cluster_1","Normal"
"cell_342",0.0320028110784708,0.00779272781816763,"Cluster_1","Normal"
"cell_343",0.0333427337616292,-0.00182625608488918,"Cluster_1","Normal"
"cell_344",0.0333708781145329,-0.00109820547467939,"Cluster_1","Normal"
"cell_345",0.0333751391516072,-0.0229209372928563,"Cluster_1","Normal"
"cell_346",0.0330249993967103,0.00104603688178211,"Cluster_1","Normal"
"cell_347",0.0340343831427829,-0.00422513117613704,"Cluster_1","Normal"
"cell_348",0.0330491212691449,0.000931346434277947,"Cluster_1","Normal"
"cell_349",0.0342751269138447,-0.00485187576146263,"Cluster_1","Normal"
"cell_350",0.0333708781145329,-0.00109820547467939,"Cluster_1","Normal"
"cell_351",0.0333708781145329,-0.00109820547467939,"Cluster_1","Normal"
"cell_352",0.0321399463995642,-0.0021967485476431,"Cluster_1","Normal"
"cell_353",0.0333708781145329,-0.00109820547467939,"Cluster_1","Normal"
"cell_354",0.0333708781145329,-0.00109820547467939,"Cluster_1","Normal"
"cell_355",0.0315164200144972,0.00933186149003784,"Cluster_1","Normal"
"cell_356",0.0328685835580688,0.00175222903856163,"Cluster_1","Normal"
"cell_357",0.0328310128911302,0.00839827426786513,"Cluster_1","Normal"
"cell_358",0.0323334544869096,0.00610362916104337,"Cluster_1","Normal"
"cell_359",0.0331726214403095,-0.001441406454382,"Cluster_1","Normal"
"cell_360",0.0336180073385056,-0.0020095904583091,"Cluster_1","Normal"
"cell_361",0.0336826686484695,-0.00120537187237072,"Cluster_1","Normal"
"cell_362",0.0339474932903692,-0.00405295815783221,"Cluster_1","Normal"
"cell_363",0.0340343831427829,-0.00422513117613704,"Cluster_1","Normal"
"cell_364",0.0335097475826122,-0.0014628729135979,"Cluster_1","Normal"
"cell_365",0.0340343831427829,-0.00422513117613704,"Cluster_1","Normal"
"cell_366",0.0347071308753865,-0.00555336972181389,"Cluster_1","Normal"
"cell_367",0.0333324522406673,-0.00096360573879173,"Cluster_1","Normal"
"cell_368",0.0337192978768159,-0.00247106528544865,"Cluster_1","Normal"
"cell_369",0.0322202346833054,-0.000950182125138666,"Cluster_1","Normal"
"cell_370",0.0333708781145329,-0.00109820547467939,"Cluster_1","Normal"
"cell_371",0.0328508051627664,0.00134017797978406,"Cluster_1","Normal"
"cell_372",0.0327414881364264,0.00904817471724221,"Cluster_1","Normal"
"cell_373",0.0337579000247774,-0.00672225469124806,"Cluster_1","Normal"
"cell_374",0.0333708781145329,-0.00109820547467939,"Cluster_1","Normal"
"cell_375",0.032075532652137,0.0158201630873402,"Cluster_1","Normal"
"cell_376",0.0160697667609029,-0.0976518687331212,"Cluster_4","Normal"
"cell_377",0.0340343831427829,-0.00422513117613704,"Cluster_1","Normal"
"cell_378",0.03301279143754,-0.00322367419717063,"Cluster_1","Normal"
"cell_379",0.0333708781145329,-0.00109820547467939,"Cluster_1","Normal"
"cell_380",0.0329752465591603,-0.000245993987002756,"Cluster_1","Normal"
"cell_381",0.0326282640513653,-0.000186204066078264,"Cluster_1","Normal"
"cell_382",0.0340343831427829,-0.00422513117613704,"Cluster_1","Normal"
"cell_383",0.0314782495475339,0.00930575336758695,"Cluster_1","Normal"
"cell_384",0.0325693961150222,0.00561938071677401,"Cluster_1","Normal"
"cell_385",0.0331276553930739,-0.00102761021102083,"Cluster_1","Normal"
"cell_386",0.0333708781145329,-0.00109820547467939,"Cluster_1","Normal"
"cell_387",0.033148708127045,-0.00704183749730198,"Cluster_1","Normal"
"cell_388",0.0330822073518001,-0.000585754029946395,"Cluster_1","Normal"
"cell_389",0.032784123076219,0.00479515217223002,"Cluster_1","Normal"
"cell_390",0.0326440604428092,0.00610209397106059,"Cluster_1","Normal"
"cell_391",0.0330411292234708,0.000969814820518308,"Cluster_1","Normal"
"cell_392",0.0327312884621977,0.00161579489097764,"Cluster_1","Normal"
"cell_393",0.0333542403192467,-0.00221400919493968,"Cluster_1","Normal"
"cell_394",0.0333708781145329,-0.00109820547467939,"Cluster_1","Normal"
"cell_395",0.0313778291766464,0.020826454288375,"Cluster_1","Normal"
"cell_396",0.0312476323216632,0.00883283762242186,"Cluster_1","Normal"
"cell_397",0.0333708781145329,-0.00109820547467939,"Cluster_1","Normal"
"cell_398",0.0333708781145329,-0.00109820547467939,"Cluster_1","Normal"
"cell_399",0.0330158902417482,5.10296583834309e-05,"Cluster_1","Normal"
"cell_400",0.0332930660459598,-0.00206438652738899,"Cluster_1","Normal"
"cell_401",0.0333708781145329,-0.00109820547467939,"Cluster_1","Normal"
"cell_402",0.0333708781145329,-0.00109820547467939,"Cluster_1","Normal"
"cell_403",0.0333708781145329,-0.00109820547467939,"Cluster_1","Normal"
"cell_404",0.0325178485953422,0.00561847283811091,"Cluster_1","Normal"
"cell_405",0.0332864804831309,-0.00333638092393054,"Cluster_1","Normal"
"cell_406",0.0317265718803122,0.00544422569668736,"Cluster_1","Normal"
"cell_407",0.0331573834133896,2.16158455067951e-06,"Cluster_1","Normal"
"cell_408",0.0331809052933354,0.0022043742216963,"Cluster_1","Normal"
"cell_409",0.0320004760074109,0.00761414147950446,"Cluster_1","Normal"
"cell_410",0.0344614762584661,-0.00562774155264386,"Cluster_1","Normal"
"cell_411",0.0312542856739544,0.00952601017003461,"Cluster_1","Normal"
"cell_412",0.0333032754069315,-0.000871280388496718,"Cluster_1","Normal"
"cell_413",0.0328685835580688,0.00175222903856163,"Cluster_1","Normal"
"cell_414",0.0339514450142525,-0.0038342654634544,"Cluster_1","Normal"
"cell_415",0.033148708127045,-0.00704183749730198,"Cluster_1","Normal"
"cell_416",0.0331088144591211,0.00440214835329797,"Cluster_1","Normal"
"cell_417",0.0328964597928382,0.00184052433684106,"Cluster_1","Normal"
"cell_418",0.032696423947251,0.00177812146819857,"Cluster_1","Normal"
"cell_419",0.0328685835580688,0.00175222903856163,"Cluster_1","Normal"
"cell_420",0.0322954831566597,0.00435832357499416,"Cluster_1","Normal"
"cell_421",0.0324217376552083,0.00279882957793537,"Cluster_1","Normal"
"cell_422",0.0333708781145329,-0.00109820547467939,"Cluster_1","Normal"
"cell_423",0.0329710624912218,0.000221793757508923,"Cluster_1","Normal"
"cell_424",0.0328951454268408,0.000603405482186001,"Cluster_1","Normal"
"cell_425",0.0339929351041697,-0.00408106731000291,"Cluster_1","Normal"
"cell_426",0.032696423947251,0.00177812146819857,"Cluster_1","Normal"
"cell_427",0.0349059693863739,-0.00917583149378775,"Cluster_1","Normal"
"cell_428",0.0333708781145329,-0.00109820547467939,"Cluster_1","Normal"
"cell_429",0.0337597068280714,-0.00269262161687401,"Cluster_1","Normal"
"cell_430",0.0318807904275351,0.00880185427364206,"Cluster_1","Normal"
"cell_431",0.0333306897200146,-0.000859117652801458,"Cluster_1","Normal"
"cell_432",0.0329437834924625,-0.0346463823180733,"Cluster_1","Normal"
"cell_433",0.0328909917847789,0.000522173386939644,"Cluster_1","Normal"
"cell_434",0.0325552445948173,0.005925527330764,"Cluster_1","Normal"
"cell_435",0.0325552445948173,0.005925527330764,"Cluster_1","Normal"
"cell_436",0.0337780011624949,-0.00239803328125445,"Cluster_1","Normal"
"cell_437",0.0333708781145329,-0.00109820547467939,"Cluster_1","Normal"
"cell_438",0.0322048827972769,0.00351151853847929,"Cluster_1","Normal"
"cell_439",0.0355659559357245,0.0316948613399851,"Cluster_1","Normal"
"cell_440",0.0303577480950392,0.0235800497293759,"Cluster_1","Normal"
"cell_441",0.0311864711468575,0.00827990809361646,"Cluster_1","Normal"
"cell_442",0.0333708781145329,-0.00109820547467939,"Cluster_1","Normal"
"cell_443",0.0337402475383122,-0.00187158218432513,"Cluster_1","Normal"
"cell_444",0.0331175183740663,-0.00153711725833408,"Cluster_1","Normal"
"cell_445",0.0333708781145329,-0.00109820547467939,"Cluster_1","Normal"
"cell_446",0.0333708781145329,-0.00109820547467939,"Cluster_1","Normal"
"cell_447",0.0324674326208529,-0.000855006492976283,"Cluster_1","Normal"
"cell_448",0.0328651076079401,0.000465580324840436,"Cluster_1","Normal"
"cell_449",0.032452737828648,0.00218941979522385,"Cluster_1","Normal"
"cell_450",0.0314952889475153,0.00736265727343464,"Cluster_1","Normal"
"cell_451",0.0321345745618552,0.00424961343446842,"Cluster_1","Normal"
"cell_452",0.0333708781145329,-0.00109820547467939,"Cluster_1","Normal"
"cell_453",0.0070785166217178,-0.0391552570484161,"Cluster_2","Normal"
"cell_454",0.0333708781145329,-0.00109820547467939,"Cluster_1","Normal"
"cell_455",0.0333708781145329,-0.00109820547467939,"Cluster_1","Normal"
"cell_456",0.0333708781145329,-0.00109820547467939,"Cluster_1","Normal"
"cell_457",0.0333708781145329,-0.00109820547467939,"Cluster_1","Normal"
"cell_458",0.0333975205031768,-0.00704748133841648,"Cluster_1","Normal"
"cell_459",0.0327944370036898,-0.0011825966188234,"Cluster_1","Normal"
"cell_460",0.0327732367876338,-0.000736545169269011,"Cluster_1","Normal"
"cell_461",0.02943154034927,0.0346973579178848,"Cluster_1","Normal"
"cell_462",0.0333708781145329,-0.00109820547467939,"Cluster_1","Normal"
"cell_463",0.0333708781145329,-0.00109820547467939,"Cluster_1","Normal"
"cell_464",0.0320007586447235,0.00696763715715788,"Cluster_1","Normal"
"cell_465",0.0333708781145329,-0.00109820547467939,"Cluster_1","Normal"
"cell_466",0.0327732638929603,-0.0225409919604112,"Cluster_1","Normal"
"cell_467",0.0337597068280714,-0.00269262161687401,"Cluster_1","Normal"
"cell_468",0.0332587546657257,-0.00356964350133713,"Cluster_1","Normal"
"cell_469",0.0320565359074864,0.00120049583967794,"Cluster_1","Normal"
"cell_470",0.0362953137950317,-0.0139696425058951,"Cluster_1","Normal"
"cell_471",0.0333708781145329,-0.00109820547467939,"Cluster_1","Normal"
"cell_472",0.0333708781145329,-0.00109820547467939,"Cluster_1","Normal"
"cell_473",0.0333708781145329,-0.00109820547467939,"Cluster_1","Normal"
"cell_474",0.0333708781145329,-0.00109820547467939,"Cluster_1","Normal"
"cell_475",0.0327215246064882,0.00172257361278747,"Cluster_1","Normal"
"cell_476",0.0337340015257886,-0.00207724113904067,"Cluster_1","Normal"
"cell_477",0.0333708781145329,-0.00109820547467939,"Cluster_1","Normal"
"cell_478",0.0333708781145329,-0.00109820547467939,"Cluster_1","Normal"
"cell_479",0.033051073488984,5.0665724023093e-05,"Cluster_1","Normal"
"cell_480",0.0340392706059457,-0.00458764361146572,"Cluster_1","Normal"
"cell_481",0.0333708781145329,-0.00109820547467939,"Cluster_1","Normal"
"cell_482",0.0333406179126132,-0.00104898400348164,"Cluster_1","Normal"
"cell_483",0.0350191627309616,-0.00632501876850518,"Cluster_1","Normal"
"cell_484",0.0337515787029538,-0.0216797014513583,"Cluster_1","Normal"
"cell_485",0.0337295231289039,-0.00230338858020059,"Cluster_1","Normal"
"cell_486",0.0331176653959716,8.61312055607905e-05,"Cluster_1","Normal"
"cell_487",0.0317085719618062,0.014505446275583,"Cluster_1","Normal"
"cell_488",0.0333708781145329,-0.00109820547467939,"Cluster_1","Normal"
"cell_489",0.0326550079939663,-0.00166788047462381,"Cluster_1","Normal"
"cell_490",0.0095494385472849,-0.0648379116617885,"Cluster_2","Normal"
"cell_491",0.0336885890462118,-0.00282466728928902,"Cluster_1","Normal"
"cell_492",0.0333708781145329,-0.00109820547467939,"Cluster_1","Normal"
"cell_493",0.0333708781145329,-0.00109820547467939,"Cluster_1","Normal"
"cell_494",0.032905385619718,0.000585649750065529,"Cluster_1","Normal"
"cell_495",0.0333708781145329,-0.00109820547467939,"Cluster_1","Normal"
"cell_496",0.0333708781145329,-0.00109820547467939,"Cluster_1","Normal"
"cell_497",0.0339618316081247,-0.00346118867964261,"Cluster_1","Normal"
"cell_498",0.0324334018249141,0.0153998888171372,"Cluster_1","Normal"
"cell_499",0.0335521355011628,-0.00178901829823617,"Cluster_1","Normal"
"cell_500",0.0336230609398559,-0.0054063948210669,"Cluster_1","Normal"
"cell_501",0.0339814638278479,-0.00235101592427573,"Cluster_1","Normal"
"cell_502",0.0333708781145329,-0.00109820547467939,"Cluster_1","Normal"
"cell_503",0.0340343831427829,-0.00422513117613704,"Cluster_1","Normal"
"cell_504",0.0340343831427829,-0.00422513117613704,"Cluster_1","Normal"
"cell_505",0.0319195558289572,0.00514174456035361,"Cluster_1","Normal"
"cell_506",0.0333708781145329,-0.00109820547467939,"Cluster_1","Normal"
"cell_507",0.0342159380623514,-0.00486186006769808,"Cluster_1","Normal"
"cell_508",0.0333708781145329,-0.00109820547467939,"Cluster_1","Normal"
"cell_509",0.032946023096615,-0.0133132749347604,"Cluster_1","Normal"
"cell_510",0.0333578073221749,0.00559438644684555,"Cluster_1","Normal"
"cell_511",0.0336635099705252,-0.00275761224607873,"Cluster_1","Normal"
"cell_512",0.032563509412275,-0.000881960645613091,"Cluster_1","Normal"
"cell_513",0.0333708781145329,-0.00109820547467939,"Cluster_1","Normal"
"cell_514",0.0325840150756831,0.00565490484321609,"Cluster_1","Normal"
"cell_515",0.0333708781145329,-0.00109820547467939,"Cluster_1","Normal"
"cell_516",0.0316709752035489,0.0192582642671988,"Cluster_1","Normal"
"cell_517",0.0317122660259632,0.0103214682726632,"Cluster_1","Normal"
"cell_518",0.0332357842501352,-0.000998216959847092,"Cluster_1","Normal"
"cell_519",0.0324435390261475,-0.00140542882208494,"Cluster_1","Normal"
"cell_520",0.0333708781145329,-0.00109820547467939,"Cluster_1","Normal"
"cell_521",0.0318823763482251,-0.0269809660488912,"Cluster_1","Normal"
"cell_522",0.0333708781145329,-0.00109820547467939,"Cluster_1","Normal"
"cell_523",0.0333708781145329,-0.00109820547467939,"Cluster_1","Normal"
"cell_524",0.0334244762281874,-0.00176240876926467,"Cluster_1","Normal"
"cell_525",0.0330311977870984,0.0119039248335679,"Cluster_1","Normal"
"cell_526",0.0332171898378369,-0.00584845427494643,"Cluster_1","Normal"
"cell_527",0.0334315563474884,-0.0014343484313858,"Cluster_1","Normal"
"cell_528",0.0199868817119128,0.74858691157084,"Cluster_5","Normal"
"cell_529",0.0333607266083827,-0.00104148200257655,"Cluster_1","Normal"
"cell_530",0.0337419770749515,-0.00352074836116399,"Cluster_1","Normal"
"cell_531",0.0330913922627118,0.00202178620218629,"Cluster_1","Normal"
"cell_532",0.0333708781145329,-0.00109820547467939,"Cluster_1","Normal"
"cell_533",0.033446049604828,-0.00186764057140265,"Cluster_1","Normal"
"cell_534",0.032892438200401,-0.00176405259778673,"Cluster_1","Normal"
"cell_535",0.0333708781145329,-0.00109820547467939,"Cluster_1","Normal"
"cell_536",0.0277442279450788,0.0519512652638865,"Cluster_1","Normal"
"cell_537",0.0345434486104248,-0.00659700656599906,"Cluster_1","Normal"
"cell_538",0.0631557530797531,0.061533078348718,"Cluster_6","Normal"
"cell_539",0.0333708781145329,-0.00109820547467939,"Cluster_1","Normal"
"cell_540",0.0333708781145329,-0.00109820547467939,"Cluster_1","Normal"
"cell_541",0.0337597068280714,-0.00269262161687401,"Cluster_1","Normal"
"cell_542",0.032542205400028,-0.00157950710875644,"Cluster_1","Normal"
"cell_543",0.0335760675055754,-0.00253148130489129,"Cluster_1","Normal"
"cell_544",0.0325218141356806,0.0018396077876646,"Cluster_1","Normal"
"cell_545",0.0307443371775229,0.00503334742599423,"Cluster_1","Normal"
"cell_546",0.0333708781145329,-0.00109820547467939,"Cluster_1","Normal"
"cell_547",0.0333708781145329,-0.00109820547467939,"Cluster_1","Normal"
"cell_548",0.0341211992375349,-0.0047092865924654,"Cluster_1","Normal"
"cell_549",0.0333708781145329,-0.00109820547467939,"Cluster_1","Normal"
"cell_550",0.0325887677715588,0.00577497335722158,"Cluster_1","Normal"
"cell_551",0.0327302150580401,0.0102006373655877,"Cluster_1","Normal"
"cell_552",0.00898787967639972,0.0592717580203367,"Cluster_7","Normal"
"cell_553",0.0333708781145329,-0.00109820547467939,"Cluster_1","Normal"
"cell_554",0.032696423947251,0.00177812146819857,"Cluster_1","Normal"
"cell_555",0.0340343831427829,-0.00422513117613704,"Cluster_1","Normal"
"cell_556",0.0333708781145329,-0.00109820547467939,"Cluster_1","Normal"
"cell_557",0.0323088039167093,-0.0183948650441877,"Cluster_1","Normal"
"cell_558",0.0337371332147592,-0.00192337615275985,"Cluster_1","Normal"
"cell_559",0.0319088710993963,0.00120120956731383,"Cluster_1","Normal"
"cell_560",0.0338399796388359,-0.00291945106560917,"Cluster_1","Normal"
"cell_561",0.03211547653287,0.00761208714844033,"Cluster_1","Normal"
"cell_562",0.0334817171582724,-0.00224873190667516,"Cluster_1","Normal"
"cell_563",0.0333708781145329,-0.00109820547467939,"Cluster_1","Normal"
"cell_564",0.0337597068280714,-0.00269262161687401,"Cluster_1","Normal"
"cell_565",0.0328685835580688,0.00175222903856163,"Cluster_1","Normal"
"cell_566",0.0333708781145329,-0.00109820547467939,"Cluster_1","Normal"
"cell_567",0.0333708781145329,-0.00109820547467939,"Cluster_1","Normal"
"cell_568",0.0736862757442233,-0.294294745520353,"Cluster_8","Normal"
"cell_569",0.0325057105511953,0.00257279715878316,"Cluster_1","Normal"
"cell_570",0.0334890741447993,-0.00247438254703451,"Cluster_1","Normal"
"cell_571",0.0328824118852315,0.00364732479027344,"Cluster_1","Normal"
"cell_572",0.0333708781145329,-0.00109820547467939,"Cluster_1","Normal"
"cell_573",0.0337505406256519,0.0160385689369935,"Cluster_1","Normal"
"cell_574",0.0339401002108981,-0.0022461351059974,"Cluster_1","Normal"
"cell_575",0.0336646362445876,-0.0020104078203868,"Cluster_1","Normal"
"cell_576",0.0338453719955491,0.0205832240847538,"Cluster_1","Normal"
"cell_577",0.0324729056773516,0.00180963208842551,"Cluster_1","Normal"
"cell_578",0.0319787893295358,0.0095758033930604,"Cluster_1","Normal"
"cell_579",0.0334616991241516,-0.0013985176672574,"Cluster_1","Normal"
"cell_580",0.0325917147101806,0.00213794915759096,"Cluster_1","Normal"
"cell_581",0.0333708781145329,-0.00109820547467939,"Cluster_1","Normal"
"cell_582",0.0333708781145329,-0.00109820547467939,"Cluster_1","Normal"
"cell_583",0.0328319642537588,0.00404261344536389,"Cluster_1","Normal"
"cell_584",0.0338147653867185,-0.00295621724484867,"Cluster_1","Normal"
"cell_585",0.0333708781145329,-0.00109820547467939,"Cluster_1","Normal"
"cell_586",0.0331692790356159,0.00938315504304436,"Cluster_1","Normal"
"cell_587",0.0334242850863135,-0.00218899515358153,"Cluster_1","Normal"
"cell_588",0.0305650414897485,0.0261418146242736,"Cluster_1","Normal"
"cell_589",0.0328399953846787,-9.73614931452224e-05,"Cluster_1","Normal"
"cell_590",0.0329036643571004,0.0045526675199954,"Cluster_1","Normal"
"cell_591",0.0329529153597827,0.00158631961095428,"Cluster_1","Normal"
"cell_592",0.0317310370958866,-0.019509370058525,"Cluster_1","Normal"
"cell_593",0.0332054852511797,-0.00220054000403216,"Cluster_1","Normal"
"cell_594",0.0328685835580688,0.00175222903856163,"Cluster_1","Normal"
"cell_595",0.0330464578405847,0.000344362586143739,"Cluster_1","Normal"
"cell_596",0.0335836218387266,-0.00244475555764956,"Cluster_1","Normal"
"cell_597",0.0332891962678124,-0.00363419748429032,"Cluster_1","Normal"
"cell_598",0.0330028853713601,0.000367449012846079,"Cluster_1","Normal"
"cell_599",0.0326064132499702,0.00125949144079182,"Cluster_1","Normal"
"cell_600",0.0333708781145329,-0.00109820547467939,"Cluster_1","Normal"
"cell_601",0.0404027550563762,-0.0442336088208951,"Cluster_1","Normal"
"cell_602",0.0334380872133296,0.0166598246533969,"Cluster_1","Normal"
"cell_603",0.0343740634702185,-0.0172272614843836,"Cluster_1","Normal"
"cell_604",0.0323049684345248,0.00347802954944305,"Cluster_1","Normal"
"cell_605",0.0338685068857216,-0.00344339975077239,"Cluster_1","Normal"
"cell_606",0.0332545608009969,-0.00132141963969828,"Cluster_1","Normal"
"cell_607",0.0333708781145329,-0.00109820547467939,"Cluster_1","Normal"
"cell_608",0.0327653746267122,0.00395626354579934,"Cluster_1","Normal"
"cell_609",0.0335524330340989,-0.00173493436624133,"Cluster_1","Normal"
"cell_610",0.0333708781145329,-0.00109820547467939,"Cluster_1","Normal"
"cell_611",0.0312400912951214,0.00330228825537229,"Cluster_1","Normal"
"cell_612",0.033662787850401,-0.00122045863361237,"Cluster_1","Normal"
"cell_613",0.0333708781145329,-0.00109820547467939,"Cluster_1","Normal"
"cell_614",0.0340343831427829,-0.00422513117613704,"Cluster_1","Normal"
"cell_615",0.0342453641531867,-0.00484651231085517,"Cluster_1","Normal"
"cell_616",0.0323372605995909,0.00422412988814421,"Cluster_1","Normal"
"cell_617",0.0330348421236768,2.64393905672145e-05,"Cluster_1","Normal"
"cell_618",0.033185172215115,-0.000323409610377122,"Cluster_1","Normal"
"cell_619",0.032893962421422,0.00183427373619419,"Cluster_1","Normal"
"cell_620",0.031424663601401,0.0136042937191269,"Cluster_1","Normal"
"cell_621",0.0333708781145329,-0.00109820547467939,"Cluster_1","Normal"
"cell_622",0.0337313956690819,-0.00320549482973422,"Cluster_1","Normal"
"cell_623",0.0333972502011656,-0.00120129310108059,"Cluster_1","Normal"
"cell_624",0.0326153127264456,-0.0153840830921468,"Cluster_1","Normal"
"cell_625",0.0320032187144031,0.00434043364104521,"Cluster_1","Normal"
"cell_626",0.0323273669996323,-0.0119336183648437,"Cluster_1","Normal"
"cell_627",0.0331094197649118,0.00215979331896911,"Cluster_1","Normal"
"cell_628",0.0333708781145329,-0.00109820547467939,"Cluster_1","Normal"
"cell_629",0.0321432500840076,-0.000476937622644727,"Cluster_1","Normal"
"cell_630",0.0343740634702185,-0.0172272614843836,"Cluster_1","Normal"
"cell_631",0.0323295742765484,0.0111850205983301,"Cluster_1","Normal"
"cell_632",0.0336640400399504,-0.00707997171383243,"Cluster_1","Normal"
"cell_633",0.0340343831427829,-0.00422513117613704,"Cluster_1","Normal"
"cell_634",0.0332762866601135,-0.00165176613760717,"Cluster_1","Normal"
"cell_635",0.0328370737421693,0.00402893190136286,"Cluster_1","Normal"
"cell_636",0.0333708781145329,-0.00109820547467939,"Cluster_1","Normal"
"cell_637",0.0325739602216045,0.00578445103915498,"Cluster_1","Normal"
"cell_638",0.0166854390572665,-0.000549102737339695,"Cluster_2","Normal"
"cell_639",0.0311420497485299,0.0195518024590173,"Cluster_1","Normal"
"cell_640",0.0333708781145329,-0.00109820547467939,"Cluster_1","Normal"
"cell_641",0.0321795132909138,0.0114846377457688,"Cluster_1","Normal"
"cell_642",0.0333708781145329,-0.00109820547467939,"Cluster_1","Normal"
"cell_643",0.033452090163738,-0.0015519932515015,"Cluster_1","Normal"
"cell_644",0.0340343831427829,-0.00422513117613704,"Cluster_1","Normal"
"cell_645",0.0329901384116259,0.00162015261502538,"Cluster_1","Normal"
"cell_646",0.0333708781145329,-0.00109820547467939,"Cluster_1","Normal"
"cell_647",0.0338210651845053,-0.00333928586167135,"Cluster_1","Normal"
"cell_648",0.0333708781145329,-0.00109820547467939,"Cluster_1","Normal"
"cell_649",0.0340343831427829,-0.00422513117613704,"Cluster_1","Normal"
"cell_650",0.0337139295187387,-0.00657845737579473,"Cluster_1","Normal"
"cell_651",0.0333967132612005,-0.00187346882223264,"Cluster_1","Normal"
"cell_652",0.0333708781145329,-0.00109820547467939,"Cluster_1","Normal"
"cell_653",0.0337046331824563,-0.00234735184245819,"Cluster_1","Normal"
"cell_654",0.0342356067512004,-0.000699934982883965,"Cluster_1","Normal"
"cell_655",0.0324958620146773,0.00163478593981645,"Cluster_1","Normal"
"cell_656",0.0227251874578006,0.0120685743440153,"Cluster_2","Normal"
"cell_657",0.0341774173924164,-0.00449877504129348,"Cluster_1","Normal"
"cell_658",0.032696423947251,0.00177812146819857,"Cluster_1","Normal"
"cell_659",0.0323208872088973,0.0157614395729116,"Cluster_1","Normal"
"cell_660",0.0333708781145329,-0.00109820547467939,"Cluster_1","Normal"
"cell_661",0.0333517134898074,-0.00103015727628655,"Cluster_1","Normal"
"cell_662",0.0295482275820613,0.0154265599116955,"Cluster_1","Normal"
"cell_663",0.0336859201266847,-0.00237503798291929,"Cluster_1","Normal"
"cell_664",0.0333708781145329,-0.00109820547467939,"Cluster_1","Normal"
"cell_665",0.0333708781145329,-0.00109820547467939,"Cluster_1","Normal"
"cell_666",0.0333708781145329,-0.00109820547467939,"Cluster_1","Normal"
"cell_667",0.0314867865386168,0.0198247498912125,"Cluster_1","Normal"
"cell_668",0.0332818977326302,-0.00083111288300998,"Cluster_1","Normal"
"cell_669",0.0339929351041697,-0.00408106731000291,"Cluster_1","Normal"
"cell_670",0.0318997296610166,0.00845601753704493,"Cluster_1","Normal"
"cell_671",0.0327469957314848,0.00508153748424545,"Cluster_1","Normal"
"cell_672",0.0333708781145329,-0.00109820547467939,"Cluster_1","Normal"
"cell_673",0.0339063249907261,-0.00853779872438201,"Cluster_1","Normal"
"cell_674",0.0333708781145329,-0.00109820547467939,"Cluster_1","Normal"
"cell_675",0.0331786365556587,-0.00611005741393293,"Cluster_1","Normal"
"cell_676",0.0343740634702185,-0.0172272614843836,"Cluster_1","Normal"
"cell_677",0.0333708781145329,-0.00109820547467939,"Cluster_1","Normal"
"cell_678",0.0316875186026841,0.00738670608541459,"Cluster_1","Normal"
"cell_679",0.0333708781145329,-0.00109820547467939,"Cluster_1","Normal"
"cell_680",0.0324219151820917,0.00332264104591508,"Cluster_1","Normal"
"cell_681",0.0333708781145329,-0.00109820547467939,"Cluster_1","Normal"
"cell_682",0.0333708781145329,-0.00109820547467939,"Cluster_1","Normal"
"cell_683",0.0320419053247661,0.0152259155218548,"Cluster_1","Normal"
"cell_684",0.0328874618180891,0.000650992251976924,"Cluster_1","Normal"
"cell_685",0.0333708781145329,-0.00109820547467939,"Cluster_1","Normal"
"cell_686",0.0333708781145329,-0.00109820547467939,"Cluster_1","Normal"
"cell_687",0.0329736103950106,0.000777807180772803,"Cluster_1","Normal"
"cell_688",0.0327956090150989,0.00138172103700872,"Cluster_1","Normal"
"cell_689",0.0328745433927027,0.00146620091489782,"Cluster_1","Normal"
"cell_690",0.033507109628962,-0.00154867376354637,"Cluster_1","Normal"
"cell_691",0.0333708781145329,-0.00109820547467939,"Cluster_1","Normal"
"cell_692",0.032698658061577,0.0130143735976857,"Cluster_1","Normal"
"cell_693",0.0325984093211965,0.0022315366058239,"Cluster_1","Normal"
"cell_694",0.032454968481137,0.0147389745438918,"Cluster_1","Normal"
"cell_695",0.0340108497139884,-0.00429087989692064,"Cluster_1","Normal"
"cell_696",0.0339767371062912,-0.00419401699663953,"Cluster_1","Normal"
"cell_697",0.0320991239111458,0.00841362551328393,"Cluster_1","Normal"
"cell_698",0.0333708781145329,-0.00109820547467939,"Cluster_1","Normal"
"cell_699",0.0328861098371917,-0.0116453661184307,"Cluster_1","Normal"
"cell_700",0.116695419181534,0.0400412918732916,"Cluster_9","Normal"
"cell_701",0.0333708781145329,-0.00109820547467939,"Cluster_1","Normal"
"cell_702",0.0333587190538779,-2.41138857243883e-05,"Cluster_1","Normal"
"cell_703",0.0333708781145329,-0.00109820547467939,"Cluster_1","Normal"
"cell_704",0.0333708781145329,-0.00109820547467939,"Cluster_1","Normal"
"cell_705",0.033566193049125,-0.00196263002802842,"Cluster_1","Normal"
"cell_706",0.0335697096854888,-0.00168706995278961,"Cluster_1","Normal"
"cell_707",0.0326100440266482,-0.00160338837629119,"Cluster_1","Normal"
"cell_708",0.0331885984603132,-0.00109227574995825,"Cluster_1","Normal"
"cell_709",0.0319176675651998,0.00851900245124196,"Cluster_1","Normal"
"cell_710",0.0337597068280714,-0.00269262161687401,"Cluster_1","Normal"
"cell_711",0.0318298539789776,-0.000684869762134195,"Cluster_1","Normal"
"cell_712",0.0334610008690006,-0.00173798066686357,"Cluster_1","Normal"
"cell_713",0.0333392049561959,-0.00127677230019201,"Cluster_1","Normal"
"cell_714",0.0328149122179003,0.00326012731214747,"Cluster_1","Normal"
"cell_715",0.0340343831427829,-0.00422513117613704,"Cluster_1","Normal"
"cell_716",0.0314135408104905,0.0181377557359344,"Cluster_1","Normal"
"cell_717",0.0333708781145329,-0.00109820547467939,"Cluster_1","Normal"
"cell_718",0.0336569462404582,-0.00606041156859978,"Cluster_1","Normal"
"cell_719",0.0330301941021438,0.000447300953978602,"Cluster_1","Normal"
"cell_720",0.0332046785860018,0.00274825254393318,"Cluster_1","Normal"
"cell_721",0.02988393870809,0.0410899307554754,"Cluster_1","Normal"
"cell_722",0.0330845157172334,-0.00052205091452811,"Cluster_1","Normal"
"cell_723",0.0333708781145329,-0.00109820547467939,"Cluster_1","Normal"
"cell_724",0.026834409195204,0.020213518112876,"Cluster_2","Normal"
"cell_725",0.108378044221879,0.0151895976830046,"Cluster_9","Normal"
"cell_726",0.0333708781145329,-0.00109820547467939,"Cluster_1","Normal"
"cell_727",0.0332753679359725,-0.00302726581187337,"Cluster_1","Normal"
"cell_728",0.0343162827772001,-0.00534924745774075,"Cluster_1","Normal"
"cell_729",0.0340698055417754,-0.00321275870623491,"Cluster_1","Normal"
"cell_730",0.0317265718803122,0.00544422569668736,"Cluster_1","Normal"
"cell_731",0.0333708781145329,-0.00109820547467939,"Cluster_1","Normal"
"cell_732",0.0330303136230464,-0.00198204900059123,"Cluster_1","Normal"
"cell_733",0.0325040343110372,0.0222746599450397,"Cluster_1","Normal"
"cell_734",0.0340343831427829,-0.00422513117613704,"Cluster_1","Normal"
"cell_735",0.02707143353201,0.0483619274891133,"Cluster_1","Normal"
"cell_736",0.031335876710049,0.00270161331368043,"Cluster_1","Normal"
"cell_737",0.0340343831427829,-0.00422513117613704,"Cluster_1","Normal"
"cell_738",0.0334315205231057,-0.00133044299694589,"Cluster_1","Normal"
"cell_739",0.0335152479700161,-0.00418312962895128,"Cluster_1","Normal"
"cell_740",0.0338439517222742,-0.00243895248907184,"Cluster_1","Normal"
"cell_741",0.0334439947373753,-0.00157348230528324,"Cluster_1","Normal"
"cell_742",0.0331417818351332,0.000461551665551167,"Cluster_1","Normal"
"cell_743",0.0330922617377646,0.00213959605360394,"Cluster_1","Normal"
"cell_744",0.0333708781145329,-0.00109820547467939,"Cluster_1","Normal"
"cell_745",0.032542205400028,-0.00157950710875644,"Cluster_1","Normal"
"cell_746",0.0340343831427829,-0.00422513117613704,"Cluster_1","Normal"
"cell_747",0.0351499798777013,0.0381125274349986,"Cluster_1","Normal"
"cell_748",0.0321915337836162,0.0123429568248776,"Cluster_1","Normal"
"cell_749",0.0326801115024934,0.00772821950429173,"Cluster_1","Normal"
"cell_750",0.0316174314977086,0.00475733112881362,"Cluster_1","Normal"
"cell_751",0.0333708781145329,-0.00109820547467939,"Cluster_1","Normal"
"cell_752",0.0328685835580688,0.00175222903856163,"Cluster_1","Normal"
"cell_753",0.0284799090523134,0.0380747018017135,"Cluster_1","Normal"
"cell_754",0.0333708781145329,-0.00109820547467939,"Cluster_1","Normal"
"cell_755",0.0329967746849619,0.00271228842813746,"Cluster_1","Normal"
"cell_756",0.0333708781145329,-0.00109820547467939,"Cluster_1","Normal"
"cell_757",0.0333708781145329,-0.00109820547467939,"Cluster_1","Normal"
"cell_758",0.0332462592084456,-0.000756341647795817,"Cluster_1","Normal"
"cell_759",0.0339307209949456,-0.00376223353038761,"Cluster_1","Normal"
"cell_760",0.0333708781145329,-0.00109820547467939,"Cluster_1","Normal"
"cell_761",0.0336132307791811,-0.00478444647446723,"Cluster_1","Normal"
"cell_762",0.0331980256037611,0.00287063356237396,"Cluster_1","Normal"
"cell_763",0.0325558331147814,0.00066877770604836,"Cluster_1","Normal"
"cell_764",0.032542205400028,-0.00157950710875644,"Cluster_1","Normal"
"cell_765",0.0333708781145329,-0.00109820547467939,"Cluster_1","Normal"
"cell_766",0.033768456049557,-0.00298854539884919,"Cluster_1","Normal"
"cell_767",0.0340343831427829,-0.00422513117613704,"Cluster_1","Normal"
"cell_768",0.0333708781145329,-0.00109820547467939,"Cluster_1","Normal"
"cell_769",0.0328325289290091,-0.00242536237796364,"Cluster_1","Normal"
"cell_770",0.0337713968076062,0.017247284325289,"Cluster_1","Normal"
"cell_771",0.0332589314693751,-0.000508052150552015,"Cluster_1","Normal"
"cell_772",0.0208957154314912,0.0525639810820697,"Cluster_2","Normal"
"cell_773",0.0331169125619275,0.00280134690830006,"Cluster_1","Normal"
"cell_774",0.0340343831427829,-0.00422513117613704,"Cluster_1","Normal"
"cell_775",0.0336878066499413,-0.00490990877437807,"Cluster_1","Normal"
"cell_776",0.0333708781145329,-0.00109820547467939,"Cluster_1","Normal"
"cell_777",0.0333405970504635,-0.000931731816371017,"Cluster_1","Normal"
"cell_778",0.0329749137272333,0.00107509564225754,"Cluster_1","Normal"
"cell_779",0.00979349459908157,-0.00328531046329857,"Cluster_2","Normal"
"cell_780",0.0319179177722684,0.0085154689616271,"Cluster_1","Normal"
"cell_781",0.0331494207741311,0.000421289663175694,"Cluster_1","Normal"
"cell_782",0.032542205400028,-0.00157950710875644,"Cluster_1","Normal"
"cell_783",0.032696423947251,0.00177812146819857,"Cluster_1","Normal"
"cell_784",0.0334349267507027,-0.0016148233242777,"Cluster_1","Normal"
"cell_785",0.0333708781145329,-0.00109820547467939,"Cluster_1","Normal"
"cell_786",0.032024529148829,0.00605508011838669,"Cluster_1","Normal"
"cell_787",0.0330411811908999,0.000367621078623907,"Cluster_1","Normal"
"cell_788",0.0339819491693473,-0.00401037007798002,"Cluster_1","Normal"
"cell_789",0.0328685835580688,0.00175222903856163,"Cluster_1","Normal"
"cell_790",0.0327332590133373,0.00539597937701464,"Cluster_1","Normal"
"cell_791",0.0321032918434619,0.0158423761870434,"Cluster_1","Normal"
"cell_792",0.0330137898876283,0.00062764247044292,"Cluster_1","Normal"
"cell_793",0.032549438600412,0.00200296364048185,"Cluster_1","Normal"
"cell_794",0.0333708781145329,-0.00109820547467939,"Cluster_1","Normal"
"cell_795",0.0327679945889066,0.00411318313453461,"Cluster_1","Normal"
"cell_796",0.0330241380198024,0.00486175996379323,"Cluster_1","Normal"
"cell_797",0.0327618770413604,0.00187100214683252,"Cluster_1","Normal"
"cell_798",0.0341031310456502,-0.00419190075283923,"Cluster_1","Normal"
"cell_799",0.0322927055469484,0.0157682173872555,"Cluster_1","Normal"
"cell_800",0.0333708781145329,-0.00109820547467939,"Cluster_1","Normal"
"cell_801",0.0333708781145329,-0.00109820547467939,"Cluster_1","Normal"
"cell_802",0.0330411292234708,0.000969814820518308,"Cluster_1","Normal"
"cell_803",0.0337253301750401,-0.00309565275263905,"Cluster_1","Normal"
"cell_804",0.0321361754910089,0.00270325608495199,"Cluster_1","Normal"
"cell_805",0.0340343831427829,-0.00422513117613704,"Cluster_1","Normal"
"cell_806",0.0341767269156706,-0.00438422187562221,"Cluster_1","Normal"
"cell_807",0.0333708781145329,-0.00109820547467939,"Cluster_1","Normal"
"cell_808",0.0330822852216084,-0.000107374983765622,"Cluster_1","Normal"
"cell_809",0.0340343831427829,-0.00422513117613704,"Cluster_1","Normal"
"cell_810",0.0341867334101606,-0.00478943940419512,"Cluster_1","Normal"
"cell_811",0.0333708781145329,-0.00109820547467939,"Cluster_1","Normal"
"cell_812",0.0333708781145329,-0.00109820547467939,"Cluster_1","Normal"
"cell_813",0.0328433906521359,0.00136542758135373,"Cluster_1","Normal"
"cell_814",0.0329051101120379,0.000582899512231364,"Cluster_1","Normal"
"cell_815",0.0325161204848064,0.0058828362200101,"Cluster_1","Normal"
"cell_816",0.0715149034105652,-0.227616525659067,"Cluster_8","Normal"
"cell_817",0.0333708781145329,-0.00109820547467939,"Cluster_1","Normal"
"cell_818",0.0333708781145329,-0.00109820547467939,"Cluster_1","Normal"
"cell_819",0.0332864804831309,-0.00333638092393054,"Cluster_1","Normal"
"cell_820",0.0330133384880779,0.00607266511897297,"Cluster_1","Normal"
"cell_821",0.0333708781145329,-0.00109820547467939,"Cluster_1","Normal"
"cell_822",0.0340343831427829,-0.00422513117613704,"Cluster_1","Normal"
"cell_823",0.0339514269306279,-0.00384183576286617,"Cluster_1","Normal"
"cell_824",0.0333708781145329,-0.00109820547467939,"Cluster_1","Normal"
"cell_825",0.0333708781145329,-0.00109820547467939,"Cluster_1","Normal"
"cell_826",0.0328351894542387,0.00457307534562837,"Cluster_1","Normal"
"cell_827",0.032696423947251,0.00177812146819857,"Cluster_1","Normal"
"cell_828",0.0333708781145329,-0.00109820547467939,"Cluster_1","Normal"
"cell_829",0.0311563320550745,0.00717996131547753,"Cluster_1","Normal"
"cell_830",0.0333708781145329,-0.00109820547467939,"Cluster_1","Normal"
"cell_831",0.0332521151625554,-0.000707668058996002,"Cluster_1","Normal"
"cell_832",0.0327126876856902,0.00167518310036383,"Cluster_1","Normal"
"cell_833",0.0326214927268497,0.00570640246897854,"Cluster_1","Normal"
"cell_834",0.0338689350853401,-0.00311340428362178,"Cluster_1","Normal"
"cell_835",0.0333708781145329,-0.00109820547467939,"Cluster_1","Normal"
"cell_836",0.0342326091112625,-0.00600658412428195,"Cluster_1","Normal"
"cell_837",0.0333708781145329,-0.00109820547467939,"Cluster_1","Normal"
"cell_838",0.0333708781145329,-0.00109820547467939,"Cluster_1","Normal"
"cell_839",0.0333708781145329,-0.00109820547467939,"Cluster_1","Normal"
"cell_840",0.0313655254853846,0.00357540780125765,"Cluster_1","Normal"
"cell_841",0.00861557397895928,0.00128550468228307,"Cluster_2","Normal"
"cell_842",0.0333708781145329,-0.00109820547467939,"Cluster_1","Normal"
"cell_843",0.0335022994987386,-0.00248112105786187,"Cluster_1","Normal"
"cell_844",0.0328685835580688,0.00175222903856163,"Cluster_1","Normal"
"cell_845",0.0333708781145329,-0.00109820547467939,"Cluster_1","Normal"
"cell_846",0.0330889617773478,-0.00031851324270193,"Cluster_1","Normal"
"cell_847",0.031338891805235,0.00753443044400098,"Cluster_1","Normal"
"cell_848",0.0333708781145329,-0.00109820547467939,"Cluster_1","Normal"
"cell_849",0.0333708781145329,-0.00109820547467939,"Cluster_1","Normal"
"cell_850",0.032542205400028,-0.00157950710875644,"Cluster_1","Normal"
"cell_851",0.0328628913946543,0.000613314671871785,"Cluster_1","Normal"
"cell_852",0.032542205400028,-0.00157950710875644,"Cluster_1","Normal"
"cell_853",0.0332770300959409,-0.00447063789833395,"Cluster_1","Normal"
"cell_854",0.033304541277731,-0.0222390210599771,"Cluster_1","Normal"
"cell_855",0.0333708781145329,-0.00109820547467939,"Cluster_1","Normal"
"cell_856",0.0332700561587882,-0.000675867610614224,"Cluster_1","Normal"
"cell_857",0.0333708781145329,-0.00109820547467939,"Cluster_1","Normal"
"cell_858",0.0340343831427829,-0.00422513117613704,"Cluster_1","Normal"
"cell_859",0.0333708781145329,-0.00109820547467939,"Cluster_1","Normal"
"cell_860",0.0327208393098147,0.00162285166398583,"Cluster_1","Normal"
"cell_861",0.0333708781145329,-0.00109820547467939,"Cluster_1","Normal"
"cell_862",0.0333708781145329,-0.00109820547467939,"Cluster_1","Normal"
"cell_863",0.0332057104282803,-0.00470643281021322,"Cluster_1","Normal"
"cell_864",0.0333708781145329,-0.00109820547467939,"Cluster_1","Normal"
"cell_865",0.033521221095124,-0.00263707566812615,"Cluster_1","Normal"
"cell_866",0.0333708781145329,-0.00109820547467939,"Cluster_1","Normal"
"cell_867",0.031893102333616,0.0112121276995131,"Cluster_1","Normal"
"cell_868",0.0333708781145329,-0.00109820547467939,"Cluster_1","Normal"
"cell_869",0.0333708781145329,-0.00109820547467939,"Cluster_1","Normal"
"cell_870",0.0333708781145329,-0.00109820547467939,"Cluster_1","Normal"
"cell_871",0.0333708781145329,-0.00109820547467939,"Cluster_1","Normal"
"cell_872",0.0317364889003781,0.00168399484473894,"Cluster_1","Normal"
"cell_873",0.0333708781145329,-0.00109820547467939,"Cluster_1","Normal"
"cell_874",0.0337597068280714,-0.00269262161687401,"Cluster_1","Normal"
"cell_875",0.0333708781145329,-0.00109820547467939,"Cluster_1","Normal"
"cell_876",0.0333708781145329,-0.00109820547467939,"Cluster_1","Normal"
"cell_877",0.0306843750404343,0.0239823582734109,"Cluster_1","Normal"
"cell_878",0.0338020654694942,-0.0149686371792789,"Cluster_1","Normal"
"cell_879",0.0340343831427829,-0.00422513117613704,"Cluster_1","Normal"
"cell_880",0.0333708781145329,-0.00109820547467939,"Cluster_1","Normal"
"cell_881",0.0341103870662535,-0.000788408813704112,"Cluster_1","Normal"
"cell_882",0.0325552445948173,0.005925527330764,"Cluster_1","Normal"
"cell_883",0.0333708781145329,-0.00109820547467939,"Cluster_1","Normal"
"cell_884",0.0333708781145329,-0.00109820547467939,"Cluster_1","Normal"
"cell_885",0.0322434997947443,-0.0052466801482956,"Cluster_1","Normal"
"cell_886",0.0333708781145329,-0.00109820547467939,"Cluster_1","Normal"
"cell_887",0.0336833372966885,0.0035476853011767,"Cluster_1","Normal"
"cell_888",0.0342722399449377,-0.00543269261889674,"Cluster_1","Normal"
"cell_889",0.0328685835580688,0.00175222903856163,"Cluster_1","Normal"
"cell_890",0.0335256637030328,0.00110832488658126,"Cluster_1","Normal"
